{
    "categories": {
        "Ana.D.A": [
            "Ana.D.A(10).jpg",
            "Ana.D.A(11).jpg",
            "Ana.D.A(12).jpg",
            "Ana.D.A(13).jpg",
            "Ana.D.A(14).jpg",
            "Ana.D.A(15).jpg",
            "Ana.D.A(16).jpg",
            "Ana.D.A(17).jpg",
            "Ana.D.A(18).jpg",
            "Ana.D.A(19).jpg",
            "Ana.D.A(2).jpg",
            "Ana.D.A(20).jpg",
            "Ana.D.A(21).jpg",
            "Ana.D.A(22).jpg",
            "Ana.D.A(23).jpg",
            "Ana.D.A(24).jpg",
            "Ana.D.A(25).jpg",
            "Ana.D.A(26).jpg",
            "Ana.D.A(27).jpg",
            "Ana.D.A(28).jpg",
            "Ana.D.A(29).jpg",
            "Ana.D.A(3).jpg",
            "Ana.D.A(30).jpg",
            "Ana.D.A(31).jpg",
            "Ana.D.A(32).jpg",
            "Ana.D.A(35).jpg",
            "Ana.D.A(36).jpg",
            "Ana.D.A(37).jpg",
            "Ana.D.A(38).jpg",
            "Ana.D.A(39).jpg",
            "Ana.D.A(4).jpg",
            "Ana.D.A(40).jpg",
            "Ana.D.A(41).jpg",
            "Ana.D.A(42).jpg",
            "Ana.D.A(43).jpg",
            "Ana.D.A(44).jpg",
            "Ana.D.A(45).jpg",
            "Ana.D.A(46).jpg",
            "Ana.D.A(47).jpg",
            "Ana.D.A(48).jpg",
            "Ana.D.A(49).jpg",
            "Ana.D.A(5).jpg",
            "Ana.D.A(50).jpg",
            "Ana.D.A(51).jpg",
            "Ana.D.A(52).jpg",
            "Ana.D.A(53).jpg",
            "Ana.D.A(54).jpg",
            "Ana.D.A(55).jpg",
            "Ana.D.A(56).jpg",
            "Ana.D.A(57).jpg",
            "Ana.D.A(58).jpg",
            "Ana.D.A(59).jpg",
            "Ana.D.A(6).jpg",
            "Ana.D.A(7).jpg",
            "Ana.D.A(8).jpg",
            "Ana.D.A(9).jpg",
            "Ana.D.A(1).jpg",
            "Ana.D.A(60).jpg",
            "Ana.D.A(61).jpg",
            "Ana.D.A(62).jpg",
            "Ana.D.A(63).jpg",
            "Ana.D.A(64).jpg",
            "Ana.D.A(65).jpg",
            "Ana.D.A(66).jpg",
            "Ana.D.A(67).jpg",
            "Ana.D.A(68).jpg",
            "Ana.D.A(69).jpg",
            "Ana.D.A(70).jpg",
            "Ana.D.A(71).jpg",
            "Ana.D.A(72).jpg",
            "Ana.D.A(73).jpg",
            "Ana.D.A(74).jpg",
            "Ana.D.A(75).jpg",
            "Ana.D.A(76).jpg",
            "Ana.D.A(77).jpg",
            "Ana.D.A(78).jpg",
            "Ana.D.A(79).jpg",
            "Ana.D.A(80).jpg",
            "Ana.D.A(81).jpg",
            "Ana.D.A(82).jpg",
            "Ana.D.A(83).jpg",
            "Ana.D.A(84).jpg",
            "Ana.D.A(85).jpg",
            "Ana.D.A(86).jpg",
            "Ana.D.A(87).jpg",
            "Ana.D.A(88).jpg",
            "Ana.D.A(89).jpg",
            "Ana.D.A(90).jpg",
            "Ana.D.A(91).jpg",
            "Ana.D.A(92).jpg",
            "Ana.D.A(93).jpg",
            "Ana.D.A(94).jpg",
            "Ana.D.A(95).jpg",
            "Ana.D.A(96).jpg"
        ],
        "Anna.K": [
            "Anna.K(1).jpg",
            "Anna.K(2).jpg",
            "Anna.K(3).jpg",
            "Anna.K(4).jpg",
            "Anna.K(5).jpg",
            "Anna.K(6).jpg"
        ],
        "Elizabeth.O": [
            "Elizabeth.O(1).jpg",
            "Elizabeth.O(2).jpg",
            "Elizabeth.O(3).jpg",
            "Elizabeth.O(4).jpg",
            "Elizabeth.O(5).jpg",
            "Elizabeth.O(6).jpg",
            "Elizabeth.O(7).jpg",
            "Elizabeth.O(8).jpg",
            "Elizabeth.O(9).jpg",
            "Elizabeth.O(10).jpg",
            "Elizabeth.O(11).jpg",
            "Elizabeth.O(12).jpg",
            "Elizabeth.O(13).jpg",
            "Elizabeth.O(14).jpg",
            "Elizabeth.O(15).jpg",
            "Elizabeth.O(16).jpg",
            "Elizabeth.O(17).jpg",
            "Elizabeth.O(18).jpg",
            "Elizabeth.O(19).jpg",
            "Elizabeth.O(20).jpg",
            "Elizabeth.O(21).jpg",
            "Elizabeth.O(22).jpg",
            "Elizabeth.O(23).jpg",
            "Elizabeth.O(24).jpg",
            "Elizabeth.O(25).jpg",
            "Elizabeth.O(26).jpg",
            "Elizabeth.O(27).jpg",
            "Elizabeth.O(28).jpg",
            "Elizabeth.O(29).jpg",
            "Elizabeth.O(30).jpg",
            "Elizabeth.O(31).jpg",
            "Elizabeth.O(32).jpg",
            "Elizabeth.O(33).jpg",
            "Elizabeth.O(34).jpg",
            "Elizabeth.O(35).jpg",
            "Elizabeth.O(36).jpg",
            "Elizabeth.O(37).jpg",
            "Elizabeth.O(38).jpg",
            "Elizabeth.O(39).jpg",
            "Elizabeth.O(40).jpg",
            "Elizabeth.O(41).jpg",
            "Elizabeth.O(42).jpg",
            "Elizabeth.O(43).jpg",
            "Elizabeth.O(44).jpg",
            "Elizabeth.O(45).jpg",
            "Elizabeth.O(46).jpg",
            "Elizabeth.O(47).jpg",
            "Elizabeth.O(48).jpg",
            "Elizabeth.O(49).jpg",
            "Elizabeth.O(50).jpg",
            "Elizabeth.O(51).jpg",
            "Elizabeth.O(52).jpg",
            "Elizabeth.O(53).jpg",
            "Elizabeth.O(54).jpg",
            "Elizabeth.O(55).jpg",
            "Elizabeth.O(56).jpg"
        ],
        "Ella.P": [
            "Ella.P(1).jpg",
            "Ella.P(10).jpg",
            "Ella.P(11).jpg",
            "Ella.P(12).jpg",
            "Ella.P(13).jpg",
            "Ella.P(2).jpg",
            "Ella.P(3).jpg",
            "Ella.P(4).jpg",
            "Ella.P(5).jpg",
            "Ella.P(6).jpg",
            "Ella.P(7).jpg",
            "Ella.P(8).jpg",
            "Ella.P(9).jpg",
            "Ella.P(14).jpg",
            "Ella.P(15).jpg",
            "Ella.P(16).jpg",
            "Ella.P(17).jpg",
            "Ella.P(18).jpg",
            "Ella.P(19).jpg",
            "Ella.P(20).jpg",
            "Ella.P(21).jpg",
            "Ella.P(22).jpg",
            "Ella.P(23).jpg",
            "Ella.P(24).jpg",
            "Ella.P(25).jpg",
            "Ella.P(26).jpg",
            "Ella.P(27).jpg",
            "Ella.P(28).jpg",
            "Ella.P(29).jpg",
            "Ella.P(30).jpg"
        ],
        "Emilia.C": [
            "Emilia.C(1).jpg",
            "Emilia.C(10).jpg",
            "Emilia.C(11).jpg",
            "Emilia.C(12).jpg",
            "Emilia.C(2).jpg",
            "Emilia.C(3).jpg",
            "Emilia.C(4).jpg",
            "Emilia.C(5).jpg",
            "Emilia.C(6).jpg",
            "Emilia.C(7).jpg",
            "Emilia.C(8).jpg",
            "Emilia.C(9).jpg",
            "Emilia.C(13).jpg",
            "Emilia.C(14).jpg",
            "Emilia.C(15).jpg",
            "Emilia.C(16).jpg",
            "Emilia.C(17).jpg",
            "Emilia.C(18).jpg",
            "Emilia.C(19).jpg",
            "Emilia.C(20).jpg",
            "Emilia.C(21).jpg",
            "Emilia.C(22).jpg",
            "Emilia.C(23).jpg",
            "Emilia.C(24).jpg",
            "Emilia.C(25).jpg",
            "Emilia.C(26).jpg",
            "Emilia.C(27).jpg",
            "Emilia.C(28).jpg",
            "Emilia.C(29).jpg",
            "Emilia.C(30).jpg",
            "Emilia.C(31).jpg",
            "Emilia.C(32).jpg",
            "Emilia.C(33).jpg",
            "Emilia.C(34).jpg",
            "Emilia.C(35).jpg",
            "Emilia.C(36).jpg",
            "Emilia.C(37).jpg",
            "Emilia.C(38).jpg",
            "Emilia.C(39).jpg",
            "Emilia.C(40).jpg",
            "Emilia.C(41).jpg",
            "Emilia.C(42).jpg",
            "Emilia.C(43).jpg",
            "Emilia.C(44).jpg",
            "Emilia.C(45).jpg",
            "Emilia.C(46).jpg",
            "Emilia.C(47).jpg",
            "Emilia.C(48).jpg",
            "Emilia.C(49).jpg",
            "Emilia.C(50).jpg",
            "Emilia.C(51).jpg",
            "Emilia.C(52).jpg",
            "Emilia.C(53).jpg"
        ],
        "Emma.W": [
            "Emma.W(1).jpg",
            "Emma.W(10).jpg",
            "Emma.W(11).jpg",
            "Emma.W(12).jpg",
            "Emma.W(13).jpg",
            "Emma.W(14).jpg",
            "Emma.W(15).jpg",
            "Emma.W(16).jpg",
            "Emma.W(17).jpg",
            "Emma.W(18).jpg",
            "Emma.W(19).jpg",
            "Emma.W(2).jpg",
            "Emma.W(20).jpg",
            "Emma.W(3).jpg",
            "Emma.W(4).jpg",
            "Emma.W(5).jpg",
            "Emma.W(6).jpg",
            "Emma.W(7).jpg",
            "Emma.W(8).jpg",
            "Emma.W(9).jpg",
            "Emma.W(21).jpg",
            "Emma.W(22).jpg",
            "Emma.W(23).jpg",
            "Emma.W(24).jpg",
            "Emma.W(25).jpg",
            "Emma.W(26).jpg",
            "Emma.W(27).jpg",
            "Emma.W(28).jpg",
            "Emma.W(29).jpg",
            "Emma.W(30).jpg",
            "Emma.W(31).jpg",
            "Emma.W(32).jpg",
            "Emma.W(33).jpg",
            "Emma.W(34).jpg",
            "Emma.W(35).jpg",
            "Emma.W(36).jpg",
            "Emma.W(37).jpg",
            "Emma.W(38).jpg",
            "Emma.W(39).jpg",
            "Emma.W(40).jpg",
            "Emma.W(41).jpg",
            "Emma.W(42).jpg",
            "Emma.W(43).jpg",
            "Emma.W(44).jpg",
            "Emma.W(45).jpg",
            "Emma.W(46).jpg",
            "Emma.W(47).jpg",
            "Emma.W(48).jpg",
            "Emma.W(49).jpg",
            "Emma.W(50).jpg",
            "Emma.W(51).jpg",
            "Emma.W(52).jpg",
            "Emma.W(53).jpg",
            "Emma.W(54).jpg",
            "Emma.W(55).jpg",
            "Emma.W(56).jpg",
            "Emma.W(57).jpg",
            "Emma.W(58).jpg",
            "Emma.W(59).jpg",
            "Emma.W(60).jpg",
            "Emma.W(61).jpg",
            "Emma.W(62).jpg",
            "Emma.W(63).jpg",
            "Emma.W(64).jpg",
            "Emma.W(65).jpg",
            "Emma.W(66).jpg",
            "Emma.W(67).jpg",
            "Emma.W(68).jpg",
            "Emma.W(69).jpg",
            "Emma.W(70).jpg",
            "Emma.W(71).jpg",
            "Emma.W(72).jpg",
            "Emma.W(73).jpg",
            "Emma.W(74).jpg",
            "Emma.W(75).jpg",
            "Emma.W(76).jpg",
            "Emma.W(77).jpg",
            "Emma.W(78).jpg",
            "Emma.W(79).jpg",
            "Emma.W(80).jpg",
            "Emma.W(81).jpg",
            "Emma.W(82).jpg",
            "Emma.W(83).jpg",
            "Emma.W(84).jpg",
            "Emma.W(85).jpg",
            "Emma.W(86).jpg",
            "Emma.W(87).jpg",
            "Emma.W(88).jpg",
            "Emma.W(89).jpg",
            "Emma.W(90).jpg",
            "Emma.W(91).jpg",
            "Emma.W(92).jpg",
            "Emma.W(93).jpg",
            "Emma.W(94).jpg",
            "Emma.W(95).jpg",
            "Emma.W(96).jpg",
            "Emma.W(97).jpg",
            "Emma.W(98).jpg",
            "Emma.W(99).jpg",
            "Emma.W(100).jpg",
            "Emma.W(101).jpg",
            "Emma.W(102).jpg",
            "Emma.W(103).jpg",
            "Emma.W(104).jpg",
            "Emma.W(105).jpg",
            "Emma.W(106).jpg",
            "Emma.W(107).jpg",
            "Emma.W(108).jpg",
            "Emma.W(109).jpg",
            "Emma.W(110).jpg",
            "Emma.W(111).jpg",
            "Emma.W(112).jpg",
            "Emma.W(113).jpg"
        ],
        "Erin.M": [
            "Erin.M(1).jpg",
            "Erin.M(10).jpg",
            "Erin.M(11).jpg",
            "Erin.M(12).jpg",
            "Erin.M(13).jpg",
            "Erin.M(14).jpg",
            "Erin.M(15).jpg",
            "Erin.M(16).jpg",
            "Erin.M(17).jpg",
            "Erin.M(18).jpg",
            "Erin.M(19).jpg",
            "Erin.M(2).jpg",
            "Erin.M(20).jpg",
            "Erin.M(21).jpg",
            "Erin.M(22).jpg",
            "Erin.M(23).jpg",
            "Erin.M(24).jpg",
            "Erin.M(25).jpg",
            "Erin.M(3).jpg",
            "Erin.M(4).jpg",
            "Erin.M(5).jpg",
            "Erin.M(6).jpg",
            "Erin.M(7).jpg",
            "Erin.M(8).jpg",
            "Erin.M(9).jpg"
        ],
        "Gemma.A": [
            "Gemma.A(1).jpg",
            "Gemma.A(2).jpg",
            "Gemma.A(3).jpg"
        ],
        "Jenna.O": [
            "Jenna.O(1).jpg",
            "Jenna.O(2).jpg",
            "Jenna.O(3).jpg",
            "Jenna.O(4).jpg",
            "Jenna.O(5).jpg",
            "Jenna.O(6).jpg",
            "Jenna.O(7).jpg",
            "Jenna.O(8).jpg",
            "Jenna.O(9).jpg",
            "Jenna.O(10).jpg",
            "Jenna.O(11).jpg",
            "Jenna.O(12).jpg",
            "Jenna.O(13).jpg",
            "Jenna.O(14).jpg",
            "Jenna.O(15).jpg",
            "Jenna.O(16).jpg",
            "Jenna.O(17).jpg",
            "Jenna.O(18).jpg",
            "Jenna.O(19).jpg",
            "Jenna.O(20).jpg",
            "Jenna.O(21).jpg",
            "Jenna.O(22).jpg",
            "Jenna.O(23).jpg",
            "Jenna.O(24).jpg",
            "Jenna.O(25).jpg",
            "Jenna.O(26).jpg",
            "Jenna.O(27).jpg",
            "Jenna.O(28).jpg",
            "Jenna.O(29).jpg",
            "Jenna.O(30).jpg",
            "Jenna.O(31).jpg",
            "Jenna.O(32).jpg",
            "Jenna.O(33).jpg",
            "Jenna.O(34).jpg",
            "Jenna.O(35).jpg",
            "Jenna.O(36).jpg",
            "Jenna.O(37).jpg",
            "Jenna.O(38).jpg",
            "Jenna.O(39).jpg",
            "Jenna.O(40).jpg",
            "Jenna.O(41).jpg",
            "Jenna.O(42).jpg",
            "Jenna.O(43).jpg",
            "Jenna.O(44).jpg",
            "Jenna.O(45).jpg",
            "Jenna.O(46).jpg",
            "Jenna.O(47).jpg",
            "Jenna.O(48).jpg",
            "Jenna.O(49).jpg",
            "Jenna.O(50).jpg"
        ],
        "Jessica.A": [
            "Jessica.A(1).jpg",
            "Jessica.A(2).jpg",
            "Jessica.A(3).jpg",
            "Jessica.A(4).jpg"
        ],
        "Kaley.C": [
            "Kaley.C(1).jpg",
            "Kaley.C(10).jpg",
            "Kaley.C(11).jpg",
            "Kaley.C(12).jpg",
            "Kaley.C(13).jpg",
            "Kaley.C(14).jpg",
            "Kaley.C(15).jpg",
            "Kaley.C(16).jpg",
            "Kaley.C(17).jpg",
            "Kaley.C(18).jpg",
            "Kaley.C(19).jpg",
            "Kaley.C(2).jpg",
            "Kaley.C(20).jpg",
            "Kaley.C(21).jpg",
            "Kaley.C(22).jpg",
            "Kaley.C(23).jpg",
            "Kaley.C(24).jpg",
            "Kaley.C(3).jpg",
            "Kaley.C(4).jpg",
            "Kaley.C(5).jpg",
            "Kaley.C(6).jpg",
            "Kaley.C(7).jpg"
        ],
        "Kendall.J": [
            "Kendall.J(1).jpg",
            "Kendall.J(2).jpg",
            "Kendall.J(3).jpg",
            "Kendall.J(4).jpg",
            "Kendall.J(5).jpg",
            "Kendall.J(6).jpg",
            "Kendall.J(7).jpg",
            "Kendall.J(8).jpg"
        ],
        "Millie.B.B": [
            "Millie.B.B(1).jpg",
            "Millie.B.B(2).jpg",
            "Millie.B.B(3).jpg",
            "Millie.B.B(4).jpg",
            "Millie.B.B(5).jpg",
            "Millie.B.B(6).jpg"
        ],
        "Morena.B": [
            "Morena.B(1).jpg",
            "Morena.B(10).jpg",
            "Morena.B(11).jpg",
            "Morena.B(12).jpg",
            "Morena.B(13).jpg",
            "Morena.B(14).jpg",
            "Morena.B(15).jpg",
            "Morena.B(16).jpg",
            "Morena.B(17).jpg",
            "Morena.B(18).jpg",
            "Morena.B(19).jpg",
            "Morena.B(2).jpg",
            "Morena.B(20).jpg",
            "Morena.B(21).jpg",
            "Morena.B(22).jpg",
            "Morena.B(23).jpg",
            "Morena.B(24).jpg",
            "Morena.B(25).jpg",
            "Morena.B(3).jpg",
            "Morena.B(4).jpg",
            "Morena.B(5).jpg",
            "Morena.B(6).jpg",
            "Morena.B(7).jpg",
            "Morena.B(8).jpg",
            "Morena.B(9).jpg"
        ],
        "Natalie.P": [
            "Natalie.P(1).jpg",
            "Natalie.P(2).jpg",
            "Natalie.P(3).jpg",
            "Natalie.P(4).jpg",
            "Natalie.P(5).jpg",
            "Natalie.P(6).jpg",
            "Natalie.P(7).jpg",
            "Natalie.P(8).jpg",
            "Natalie.P(9).jpg",
            "Natalie.P(10).jpg",
            "Natalie.P(11).jpg",
            "Natalie.P(12).jpg",
            "Natalie.P(13).jpg",
            "Natalie.P(14).jpg",
            "Natalie.P(15).jpg",
            "Natalie.P(16).jpg",
            "Natalie.P(17).jpg",
            "Natalie.P(18).jpg",
            "Natalie.P(19).jpg",
            "Natalie.P(20).jpg",
            "Natalie.P(21).jpg",
            "Natalie.P(22).jpg",
            "Natalie.P(23).jpg",
            "Natalie.P(24).jpg",
            "Natalie.P(25).jpg",
            "Natalie.P(26).jpg",
            "Natalie.P(27).jpg",
            "Natalie.P(28).jpg",
            "Natalie.P(29).jpg",
            "Natalie.P(30).jpg",
            "Natalie.P(31).jpg",
            "Natalie.P(32).jpg",
            "Natalie.P(33).jpg",
            "Natalie.P(34).jpg",
            "Natalie.P(35).jpg"
        ],
        "Scarlett.J": [
            "Scarlett.J(1).jpg",
            "Scarlett.J(10).jpg",
            "Scarlett.J(11).jpg",
            "Scarlett.J(12).jpg",
            "Scarlett.J(13).jpg",
            "Scarlett.J(14).jpg",
            "Scarlett.J(2).jpg",
            "Scarlett.J(3).jpg",
            "Scarlett.J(4).jpg",
            "Scarlett.J(5).jpg",
            "Scarlett.J(6).jpg",
            "Scarlett.J(7).jpg",
            "Scarlett.J(8).jpg",
            "Scarlett.J(9).jpg",
            "Scarlett.J(15).jpg",
            "Scarlett.J(16).jpg",
            "Scarlett.J(17).jpg",
            "Scarlett.J(18).jpg",
            "Scarlett.J(19).jpg",
            "Scarlett.J(20).jpg",
            "Scarlett.J(21).jpg"
        ],
        "Sophie.T": [
            "Sophie.T(1).jpg",
            "Sophie.T(2).jpg",
            "Sophie.T(3).jpg",
            "Sophie.T(4).jpg",
            "Sophie.T(5).jpg",
            "Sophie.T(6).jpg",
            "Sophie.T(7).jpg",
            "Sophie.T(8).jpg",
            "Sophie.T(9).jpg",
            "Sophie.T(10).jpg",
            "Sophie.T(11).jpg",
            "Sophie.T(12).jpg",
            "Sophie.T(13).jpg",
            "Sophie.T(14).jpg",
            "Sophie.T(15).jpg",
            "Sophie.T(16).jpg",
            "Sophie.T(17).jpg"
        ],
        "Sydney.S": [
            "Sydney.S(1).jpg",
            "Sydney.S(2).jpg",
            "Sydney.S(3).jpg",
            "Sydney.S(4).jpg",
            "Sydney.S(5).jpg",
            "Sydney.S(6).jpg",
            "Sydney.S(7).jpg",
            "Sydney.S(8).jpg",
            "Sydney.S(9).jpg"
        ],
        "Anne.H": [
            "Anne.H(1).jpg",
            "Anne.H(2).jpg",
            "Anne.H(3).jpg",
            "Anne.H(4).jpg",
            "Anne.H(5).jpg",
            "Anne.H(6).jpg",
            "Anne.H(7).jpg",
            "Anne.H(8).jpg",
            "Anne.H(9).jpg",
            "Anne.H(10).jpg",
            "Anne.H(11).jpg",
            "Anne.H(12).jpg",
            "Anne.H(13).jpg",
            "Anne.H(14).jpg",
            "Anne.H(15).jpg",
            "Anne.H(16).jpg"
        ],
        "Megan.F": [
            "Megan.F(1).jpg",
            "Megan.F(2).jpg",
            "Megan.F(3).jpg",
            "Megan.F(4).jpg",
            "Megan.F(5).jpg",
            "Megan.F(6).jpg",
            "Megan.F(7).jpg",
            "Megan.F(8).jpg",
            "Megan.F(9).jpg",
            "Megan.F(10).jpg",
            "Megan.F(11).jpg"
        ],
        "Kate.B": [
            "Kate.B(1).jpg",
            "Kate.B(2).jpg",
            "Kate.B(3).jpg",
            "Kate.B(4).jpg",
            "Kate.B(5).jpg",
            "Kate.B(6).jpg",
            "Kate.B(7).jpg",
            "Kate.B(8).jpg",
            "Kate.B(9).jpg",
            "Kate.B(10).jpg",
            "Kate.B(11).jpg",
            "Kate.B(12).jpg",
            "Kate.B(13).jpg",
            "Kate.B(14).jpg",
            "Kate.B(15).jpg",
            "Kate.B(16).jpg",
            "Kate.B(17).jpg",
            "Kate.B(18).jpg",
            "Kate.B(19).jpg",
            "Kate.B(20).jpg",
            "Kate.B(21).jpg",
            "Kate.B(22).jpg",
            "Kate.B(23).jpg",
            "Kate.B(24).jpg",
            "Kate.B(25).jpg"
        ],
        "Gal.G": [
            "Gal.G(1).jpg",
            "Gal.G(2).jpg",
            "Gal.G(3).jpg",
            "Gal.G(4).jpg",
            "Gal.G(5).jpg",
            "Gal.G(6).jpg",
            "Gal.G(7).jpg",
            "Gal.G(8).jpg",
            "Gal.G(9).jpg",
            "Gal.G(10).jpg",
            "Gal.G(11).jpg",
            "Gal.G(12).jpg"
        ],
        "Anya.T.J": [
            "Anya.T.J(1).jpg",
            "Anya.T.J(2).jpg",
            "Anya.T.J(3).jpg",
            "Anya.T.J(4).jpg",
            "Anya.T.J(5).jpg",
            "Anya.T.J(6).jpg",
            "Anya.T.J(7).jpg",
            "Anya.T.J(8).jpg",
            "Anya.T.J(9).jpg",
            "Anya.T.J(10).jpg",
            "Anya.T.J(11).jpg",
            "Anya.T.J(12).jpg",
            "Anya.T.J(13).jpg",
            "Anya.T.J(14).jpg",
            "Anya.T.J(15).jpg",
            "Anya.T.J(16).jpg",
            "Anya.T.J(17).jpg",
            "Anya.T.J(18).jpg",
            "Anya.T.J(19).jpg",
            "Anya.T.J(20).jpg",
            "Anya.T.J(21).jpg",
            "Anya.T.J(22).jpg",
            "Anya.T.J(23).jpg",
            "Anya.T.J(24).jpg",
            "Anya.T.J(25).jpg",
            "Anya.T.J(26).jpg",
            "Anya.T.J(27).jpg",
            "Anya.T.J(28).jpg",
            "Anya.T.J(29).jpg",
            "Anya.T.J(30).jpg",
            "Anya.T.J(31).jpg",
            "Anya.T.J(32).jpg",
            "Anya.T.J(33).jpg",
            "Anya.T.J(34).jpg",
            "Anya.T.J(35).jpg",
            "Anya.T.J(36).jpg",
            "Anya.T.J(37).jpg",
            "Anya.T.J(38).jpg",
            "Anya.T.J(39).jpg",
            "Anya.T.J(40).jpg",
            "Anya.T.J(41).jpg",
            "Anya.T.J(42).jpg",
            "Anya.T.J(43).jpg",
            "Anya.T.J(44).jpg",
            "Anya.T.J(45).jpg",
            "Anya.T.J(46).jpg",
            "Anya.T.J(47).jpg",
            "Anya.T.J(48).jpg",
            "Anya.T.J(49).jpg",
            "Anya.T.J(50).jpg",
            "Anya.T.J(51).jpg",
            "Anya.T.J(52).jpg",
            "Anya.T.J(53).jpg",
            "Anya.T.J(54).jpg"
        ],
        "Taylor.S": [
            "Taylor.S(1).jpg",
            "Taylor.S(2).jpg",
            "Taylor.S(3).jpg",
            "Taylor.S(4).jpg",
            "Taylor.S(5).jpg",
            "Taylor.S(6).jpg",
            "Taylor.S(7).jpg",
            "Taylor.S(8).jpg",
            "Taylor.S(9).jpg",
            "Taylor.S(10).jpg",
            "Taylor.S(11).jpg",
            "Taylor.S(12).jpg",
            "Taylor.S(13).jpg",
            "Taylor.S(14).jpg"
        ],
        "Dakota.J": [
            "Dakota.J(1).jpg",
            "Dakota.J(2).jpg",
            "Dakota.J(3).jpg",
            "Dakota.J(4).jpg",
            "Dakota.J(5).jpg",
            "Dakota.J(6).jpg",
            "Dakota.J(7).jpg",
            "Dakota.J(8).jpg",
            "Dakota.J(9).jpg",
            "Dakota.J(10).jpg",
            "Dakota.J(11).jpg",
            "Dakota.J(12).jpg",
            "Dakota.J(13).jpg",
            "Dakota.J(14).jpg",
            "Dakota.J(15).jpg"
        ]
    },
    "meta": {
        "lastUpdatedCategory": "Emilia.C",
        "lastUpdatedTime": 1737750171
    }
}