{
    "categories": {
        "Ana.D.A": [
            "Ana.D.A(1).jpg",
            "Ana.D.A(10).jpg",
            "Ana.D.A(11).jpg",
            "Ana.D.A(12).jpg",
            "Ana.D.A(13).jpg",
            "Ana.D.A(14).jpg",
            "Ana.D.A(15).jpg",
            "Ana.D.A(16).jpg",
            "Ana.D.A(17).jpg",
            "Ana.D.A(18).jpg",
            "Ana.D.A(19).jpg",
            "Ana.D.A(2).jpg",
            "Ana.D.A(20).jpg",
            "Ana.D.A(21).jpg",
            "Ana.D.A(22).jpg",
            "Ana.D.A(23).jpg",
            "Ana.D.A(24).jpg",
            "Ana.D.A(25).jpg",
            "Ana.D.A(26).jpg",
            "Ana.D.A(27).jpg",
            "Ana.D.A(28).jpg",
            "Ana.D.A(29).jpg",
            "Ana.D.A(3).jpg",
            "Ana.D.A(30).jpg",
            "Ana.D.A(31).jpg",
            "Ana.D.A(32).jpg",
            "Ana.D.A(33).jpg",
            "Ana.D.A(34).jpg",
            "Ana.D.A(35).jpg",
            "Ana.D.A(36).jpg",
            "Ana.D.A(37).jpg",
            "Ana.D.A(38).jpg",
            "Ana.D.A(39).jpg",
            "Ana.D.A(4).jpg",
            "Ana.D.A(40).jpg",
            "Ana.D.A(41).jpg",
            "Ana.D.A(42).jpg",
            "Ana.D.A(43).jpg",
            "Ana.D.A(44).jpg",
            "Ana.D.A(45).jpg",
            "Ana.D.A(46).jpg",
            "Ana.D.A(47).jpg",
            "Ana.D.A(48).jpg",
            "Ana.D.A(49).jpg",
            "Ana.D.A(5).jpg",
            "Ana.D.A(50).jpg",
            "Ana.D.A(51).jpg",
            "Ana.D.A(52).jpg",
            "Ana.D.A(53).jpg",
            "Ana.D.A(54).jpg",
            "Ana.D.A(55).jpg",
            "Ana.D.A(56).jpg",
            "Ana.D.A(57).jpg",
            "Ana.D.A(58).jpg",
            "Ana.D.A(59).jpg",
            "Ana.D.A(6).jpg",
            "Ana.D.A(7).jpg",
            "Ana.D.A(8).jpg",
            "Ana.D.A(9).jpg"
        ],
        "Anna.K": [
            "Anna.K(1).jpg",
            "Anna.K(2).jpg",
            "Anna.K(3).jpg",
            "Anna.K(4).jpg",
            "Anna.K(5).jpg",
            "Anna.K(6).jpg"
        ],
        "Elizabeth.O": [
            "Elizabeth.O(1).jpg",
            "Elizabeth.O(2).jpg",
            "Elizabeth.O(3).jpg",
            "Elizabeth.O(4).jpg",
            "Elizabeth.O(5).jpg",
            "Elizabeth.O(6).jpg",
            "Elizabeth.O(7).jpg",
            "Elizabeth.O(8).jpg",
            "Elizabeth.O(9).jpg"
        ],
        "Ella.P": [
            "Ella.P(1).jpg",
            "Ella.P(10).jpg",
            "Ella.P(11).jpg",
            "Ella.P(12).jpg",
            "Ella.P(13).jpg",
            "Ella.P(2).jpg",
            "Ella.P(3).jpg",
            "Ella.P(4).jpg",
            "Ella.P(5).jpg",
            "Ella.P(6).jpg",
            "Ella.P(7).jpg",
            "Ella.P(8).jpg",
            "Ella.P(9).jpg"
        ],
        "Emilia.C": [
            "Emilia.C(1).jpg",
            "Emilia.C(10).jpg",
            "Emilia.C(11).jpg",
            "Emilia.C(12).jpg",
            "Emilia.C(2).jpg",
            "Emilia.C(3).jpg",
            "Emilia.C(4).jpg",
            "Emilia.C(5).jpg",
            "Emilia.C(6).jpg",
            "Emilia.C(7).jpg",
            "Emilia.C(8).jpg",
            "Emilia.C(9).jpg"
        ],
        "Emma.W": [
            "Emma.W(1).jpg",
            "Emma.W(10).jpg",
            "Emma.W(11).jpg",
            "Emma.W(12).jpg",
            "Emma.W(13).jpg",
            "Emma.W(14).jpg",
            "Emma.W(15).jpg",
            "Emma.W(16).jpg",
            "Emma.W(17).jpg",
            "Emma.W(18).jpg",
            "Emma.W(19).jpg",
            "Emma.W(2).jpg",
            "Emma.W(20).jpg",
            "Emma.W(3).jpg",
            "Emma.W(4).jpg",
            "Emma.W(5).jpg",
            "Emma.W(6).jpg",
            "Emma.W(7).jpg",
            "Emma.W(8).jpg",
            "Emma.W(9).jpg"
        ],
        "Erin.M": [
            "Erin.M(1).jpg",
            "Erin.M(10).jpg",
            "Erin.M(11).jpg",
            "Erin.M(12).jpg",
            "Erin.M(13).jpg",
            "Erin.M(14).jpg",
            "Erin.M(15).jpg",
            "Erin.M(16).jpg",
            "Erin.M(17).jpg",
            "Erin.M(18).jpg",
            "Erin.M(19).jpg",
            "Erin.M(2).jpg",
            "Erin.M(20).jpg",
            "Erin.M(21).jpg",
            "Erin.M(22).jpg",
            "Erin.M(23).jpg",
            "Erin.M(24).jpg",
            "Erin.M(25).jpg",
            "Erin.M(3).jpg",
            "Erin.M(4).jpg",
            "Erin.M(5).jpg",
            "Erin.M(6).jpg",
            "Erin.M(7).jpg",
            "Erin.M(8).jpg",
            "Erin.M(9).jpg"
        ],
        "Gemma.A": [
            "Gemma.A(1).jpg",
            "Gemma.A(2).jpg",
            "Gemma.A(3).jpg"
        ],
        "Jenna.O": [
            "Jenna.O(1).jpg",
            "Jenna.O(2).jpg",
            "Jenna.O(3).jpg"
        ],
        "Jessica.A": [
            "Jessica.A(1).jpg",
            "Jessica.A(2).jpg",
            "Jessica.A(3).jpg",
            "Jessica.A(4).jpg"
        ],
        "Kaley.C": [
            "Kaley.C(1).jpg",
            "Kaley.C(10).jpg",
            "Kaley.C(11).jpg",
            "Kaley.C(12).jpg",
            "Kaley.C(13).jpg",
            "Kaley.C(14).jpg",
            "Kaley.C(15).jpg",
            "Kaley.C(16).jpg",
            "Kaley.C(17).jpg",
            "Kaley.C(18).jpg",
            "Kaley.C(19).jpg",
            "Kaley.C(2).jpg",
            "Kaley.C(20).jpg",
            "Kaley.C(21).jpg",
            "Kaley.C(22).jpg",
            "Kaley.C(23).jpg",
            "Kaley.C(24).jpg",
            "Kaley.C(3).jpg",
            "Kaley.C(4).jpg",
            "Kaley.C(5).jpg",
            "Kaley.C(6).jpg",
            "Kaley.C(7).jpg",
            "Kaley.C(8).jpg",
            "Kaley.C(9).jpg"
        ],
        "Kendall.J": [
            "Kendall.J(1).jpg",
            "Kendall.J(2).jpg",
            "Kendall.J(3).jpg",
            "Kendall.J(4).jpg",
            "Kendall.J(5).jpg",
            "Kendall.J(6).jpg",
            "Kendall.J(7).jpg",
            "Kendall.J(8).jpg"
        ],
        "Millie.B.B": [
            "Millie.B.B(1).jpg",
            "Millie.B.B(2).jpg",
            "Millie.B.B(3).jpg",
            "Millie.B.B(4).jpg",
            "Millie.B.B(5).jpg",
            "Millie.B.B(6).jpg"
        ],
        "Morena.B": [
            "Morena.B(1).jpg",
            "Morena.B(10).jpg",
            "Morena.B(11).jpg",
            "Morena.B(12).jpg",
            "Morena.B(13).jpg",
            "Morena.B(14).jpg",
            "Morena.B(15).jpg",
            "Morena.B(16).jpg",
            "Morena.B(17).jpg",
            "Morena.B(18).jpg",
            "Morena.B(19).jpg",
            "Morena.B(2).jpg",
            "Morena.B(20).jpg",
            "Morena.B(21).jpg",
            "Morena.B(22).jpg",
            "Morena.B(23).jpg",
            "Morena.B(24).jpg",
            "Morena.B(25).jpg",
            "Morena.B(3).jpg",
            "Morena.B(4).jpg",
            "Morena.B(5).jpg",
            "Morena.B(6).jpg",
            "Morena.B(7).jpg",
            "Morena.B(8).jpg",
            "Morena.B(9).jpg"
        ],
        "Natalie.P": [
            "Natalie.P(1).jpg",
            "Natalie.P(2).jpg",
            "Natalie.P(3).jpg",
            "Natalie.P(4).jpg",
            "Natalie.P(5).jpg"
        ],
        "Scarlett.J": [
            "Scarlett.J(1).jpg",
            "Scarlett.J(10).jpg",
            "Scarlett.J(11).jpg",
            "Scarlett.J(12).jpg",
            "Scarlett.J(13).jpg",
            "Scarlett.J(14).jpg",
            "Scarlett.J(2).jpg",
            "Scarlett.J(3).jpg",
            "Scarlett.J(4).jpg",
            "Scarlett.J(5).jpg",
            "Scarlett.J(6).jpg",
            "Scarlett.J(7).jpg",
            "Scarlett.J(8).jpg",
            "Scarlett.J(9).jpg"
        ],
        "Sophie.T": [
            "Sophie.T(1).jpg",
            "Sophie.T(2).jpg",
            "Sophie.T(3).jpg",
            "Sophie.T(4).jpg",
            "Sophie.T(5).jpg",
            "Sophie.T(6).jpg"
        ],
        "Sydney.S": [
            "Sydney.S(1).jpg",
            "Sydney.S(2).jpg",
            "Sydney.S(3).jpg",
            "Sydney.S(4).jpg",
            "Sydney.S(5).jpg",
            "Sydney.S(6).jpg",
            "Sydney.S(7).jpg",
            "Sydney.S(8).jpg",
            "Sydney.S(9).jpg"
        ]
    }
}